{
  "config": {
    "eps": 300,
    "local_eps": 50,
    "seed": 7,
    "n_eval": 2000,
    "methods_run": [
      "local",
      "fedavg",
      "pf_ct_rsq"
    ]
  },
  "results": [
    {
      "method": "local",
      "elapsed_sec": 160.77769804000854,
      "summary": {
        "avg_own_mv": 1.0900089655798402,
        "avg_heldout_mv": 1.0947048482791955,
        "avg_own_cum_return": 0.6572470728755063,
        "avg_heldout_cum_return": 0.9858938901199
      },
      "rows": [
        {
          "method": "local",
          "worker": "worker_1_bull_lowvol",
          "alpha": 0.9,
          "market": {
            "r1": 0.16,
            "r2": 0.24,
            "sigma1": 0.09,
            "sigma2": 0.11
          },
          "own_regime": {
            "b_hat": 1.7021042935472233,
            "cum_return": 0.7021042935472233,
            "std": 0.8795577975751043,
            "mv": 1.3539744298733976,
            "n_eval": 2000,
            "time_steps": 1001
          },
          "heldout_regime": {
            "b_hat": 2.1090735050093055,
            "cum_return": 1.1090735050093055,
            "std": 1.4384166297167886,
            "mv": 1.1780044247186932,
            "n_eval": 2000,
            "time_steps": 1001
          },
          "final_params": {
            "theta_Px": 0.1934132422734102,
            "theta_Pxx": -0.008458805586596447,
            "theta_Pnl": 0.22576084350788256,
            "psi_a0": 0.4884198583172395,
            "psi_a1": -4.6434517895284575,
            "psi_sv": 0.027600717446109476,
            "psi_ce1": -0.23015114217416371,
            "psi_ce2": -0.012154390758597148
          }
        },
        {
          "method": "local",
          "worker": "worker_2_bull_highvol",
          "alpha": 1.1,
          "market": {
            "r1": 0.17,
            "r2": 0.26,
            "sigma1": 0.13,
            "sigma2": 0.15
          },
          "own_regime": {
            "b_hat": 1.6579599229422848,
            "cum_return": 0.6579599229422848,
            "std": 1.0566292085539568,
            "mv": 1.0439040165391362,
            "n_eval": 2000,
            "time_steps": 1001
          },
          "heldout_regime": {
            "b_hat": 1.8916221197911889,
            "cum_return": 0.8916221197911889,
            "std": 1.0802268772794068,
            "mv": 1.2498325612729384,
            "n_eval": 2000,
            "time_steps": 1001
          },
          "final_params": {
            "theta_Px": 0.181374885833402,
            "theta_Pxx": 0.040716228442323595,
            "theta_Pnl": 0.20845347837736744,
            "psi_a0": 0.4658893195487259,
            "psi_a1": -3.5699337161972133,
            "psi_sv": 0.037164336251510395,
            "psi_ce1": -0.1430465241742079,
            "psi_ce2": -0.1063453325252976
          }
        },
        {
          "method": "local",
          "worker": "worker_3_bear_mixed",
          "alpha": 1.2,
          "market": {
            "r1": 0.12,
            "r2": 0.22,
            "sigma1": 0.1,
            "sigma2": 0.14
          },
          "own_regime": {
            "b_hat": 1.6401128824367697,
            "cum_return": 0.6401128824367697,
            "std": 0.7857804930770598,
            "mv": 1.2696422924565134,
            "n_eval": 2000,
            "time_steps": 1001
          },
          "heldout_regime": {
            "b_hat": 1.8993063595408763,
            "cum_return": 0.8993063595408763,
            "std": 0.9955731838577051,
            "mv": 1.3046067808909356,
            "n_eval": 2000,
            "time_steps": 1001
          },
          "final_params": {
            "theta_Px": 0.20543481790118837,
            "theta_Pxx": 0.013821911047610097,
            "theta_Pnl": 0.268029278357664,
            "psi_a0": 0.4850432982889568,
            "psi_a1": -4.297537827208778,
            "psi_sv": 0.022324693144202514,
            "psi_ce1": -0.21817706582564475,
            "psi_ce2": -0.06290605497306101
          }
        },
        {
          "method": "local",
          "worker": "worker_4_asym_vol",
          "alpha": 1.0,
          "market": {
            "r1": 0.15,
            "r2": 0.23,
            "sigma1": 0.08,
            "sigma2": 0.16
          },
          "own_regime": {
            "b_hat": 1.6288111925757476,
            "cum_return": 0.6288111925757476,
            "std": 1.3684268845104108,
            "mv": 0.6925151234503131,
            "n_eval": 2000,
            "time_steps": 1001
          },
          "heldout_regime": {
            "b_hat": 2.0435735761382294,
            "cum_return": 1.0435735761382294,
            "std": 1.671644669123205,
            "mv": 0.6463756262342149,
            "n_eval": 2000,
            "time_steps": 1001
          },
          "final_params": {
            "theta_Px": 0.17784013935543083,
            "theta_Pxx": 0.005443365138597037,
            "theta_Pnl": 0.24096926699148855,
            "psi_a0": 0.5553544042017048,
            "psi_a1": -4.449315593939756,
            "psi_sv": 0.03598714114823743,
            "psi_ce1": -0.1909966332962365,
            "psi_ce2": -0.08135935379426192
          }
        }
      ]
    },
    {
      "method": "fedavg",
      "elapsed_sec": 162.526349067688,
      "summary": {
        "avg_own_mv": 1.099910014056437,
        "avg_heldout_mv": 1.101317451509612,
        "avg_own_cum_return": 0.6615581498211442,
        "avg_heldout_cum_return": 0.9865161942087777
      },
      "rows": [
        {
          "method": "fedavg",
          "worker": "worker_1_bull_lowvol",
          "alpha": 0.9,
          "market": {
            "r1": 0.16,
            "r2": 0.24,
            "sigma1": 0.09,
            "sigma2": 0.11
          },
          "own_regime": {
            "b_hat": 1.7015039448895382,
            "cum_return": 0.7015039448895382,
            "std": 0.865155414854641,
            "mv": 1.3646816935560004,
            "n_eval": 2000,
            "time_steps": 1001
          },
          "heldout_regime": {
            "b_hat": 2.105335606840355,
            "cum_return": 1.105335606840355,
            "std": 1.408858046035273,
            "mv": 1.2121391595951074,
            "n_eval": 2000,
            "time_steps": 1001
          },
          "final_params": {
            "theta_Px": 0.19318789567863703,
            "theta_Pxx": 0.012077614092334186,
            "theta_Pnl": 0.24208807688852446,
            "psi_a0": 0.505119207589164,
            "psi_a1": -4.2415289138830845,
            "psi_sv": 0.03218997412458628,
            "psi_ce1": -0.2020099312829801,
            "psi_ce2": -0.07685076409628054
          }
        },
        {
          "method": "fedavg",
          "worker": "worker_2_bull_highvol",
          "alpha": 1.1,
          "market": {
            "r1": 0.17,
            "r2": 0.26,
            "sigma1": 0.13,
            "sigma2": 0.15
          },
          "own_regime": {
            "b_hat": 1.687613946648777,
            "cum_return": 0.687613946648777,
            "std": 1.1664767184353724,
            "mv": 0.9392465825903117,
            "n_eval": 2000,
            "time_steps": 1001
          },
          "heldout_regime": {
            "b_hat": 1.948148862388025,
            "cum_return": 0.948148862388025,
            "std": 1.1773413244112376,
            "mv": 1.1857759355965012,
            "n_eval": 2000,
            "time_steps": 1001
          },
          "final_params": {
            "theta_Px": 0.19318789567863703,
            "theta_Pxx": 0.012077614092334186,
            "theta_Pnl": 0.24208807688852446,
            "psi_a0": 0.505119207589164,
            "psi_a1": -4.2415289138830845,
            "psi_sv": 0.03218997412458628,
            "psi_ce1": -0.2020099312829801,
            "psi_ce2": -0.07685076409628054
          }
        },
        {
          "method": "fedavg",
          "worker": "worker_3_bear_mixed",
          "alpha": 1.2,