{
  "config": {
    "eps": 600,
    "local_eps": 100,
    "seed": 7,
    "n_eval": 3000,
    "methods_run": [
      "local",
      "fedavg",
      "pf_ct_rsq"
    ]
  },
  "results": [
    {
      "method": "local",
      "elapsed_sec": 383.6711549758911,
      "summary": {
        "avg_own_mv": 1.2127857430958675,
        "avg_heldout_mv": 1.2916488848224092,
        "avg_own_cum_return": 0.6415367170501387,
        "avg_heldout_cum_return": 0.9540971378745474
      },
      "rows": [
        {
          "method": "local",
          "worker": "worker_1_bull_lowvol",
          "alpha": 0.9,
          "market": {
            "r1": 0.16,
            "r2": 0.24,
            "sigma1": 0.09,
            "sigma2": 0.11
          },
          "own_regime": {
            "b_hat": 1.7174805416014414,
            "cum_return": 0.7174805416014414,
            "std": 0.8879808125084874,
            "mv": 1.3626510760789863,
            "n_eval": 3000,
            "time_steps": 1001
          },
          "heldout_regime": {
            "b_hat": 2.1532439488872313,
            "cum_return": 1.1532439488872313,
            "std": 1.3750281210145998,
            "mv": 1.3024278987758078,
            "n_eval": 3000,
            "time_steps": 1001
          },
          "final_params": {
            "theta_Px": 0.20695734409716193,
            "theta_Pxx": -0.009435388358285066,
            "theta_Pnl": 0.22307285909509375,
            "psi_a0": 0.5268863055958959,
            "psi_a1": -4.636796800735707,
            "psi_sv": 0.023978164105888808,
            "psi_ce1": -0.24889353673646758,
            "psi_ce2": -0.05410253658746956
          }
        },
        {
          "method": "local",
          "worker": "worker_2_bull_highvol",
          "alpha": 1.1,
          "market": {
            "r1": 0.17,
            "r2": 0.26,
            "sigma1": 0.13,
            "sigma2": 0.15
          },
          "own_regime": {
            "b_hat": 1.6419703644083365,
            "cum_return": 0.6419703644083365,
            "std": 0.9463995689430479,
            "mv": 1.1493506851557638,
            "n_eval": 3000,
            "time_steps": 1001
          },
          "heldout_regime": {
            "b_hat": 1.8558472952359468,
            "cum_return": 0.8558472952359468,
            "std": 0.9982442132669072,
            "mv": 1.3077769651094702,
            "n_eval": 3000,
            "time_steps": 1001
          },
          "final_params": {
            "theta_Px": 0.2118328028155158,
            "theta_Pxx": 0.02460551635196702,
            "theta_Pnl": 0.16726636048297303,
            "psi_a0": 0.42956252946242496,
            "psi_a1": -3.52831806847872,
            "psi_sv": 0.04721716375727732,
            "psi_ce1": -0.1833146284563525,
            "psi_ce2": -0.08355391586861984
          }
        },
        {
          "method": "local",
          "worker": "worker_3_bear_mixed",
          "alpha": 1.2,
          "market": {
            "r1": 0.12,
            "r2": 0.22,
            "sigma1": 0.1,
            "sigma2": 0.14
          },
          "own_regime": {
            "b_hat": 1.6267038854273088,
            "cum_return": 0.6267038854273088,
            "std": 0.7715481471063826,
            "mv": 1.2695319594453336,
            "n_eval": 3000,
            "time_steps": 1001
          },
          "heldout_regime": {
            "b_hat": 1.8725879550166207,
            "cum_return": 0.8725879550166207,
            "std": 0.9723480974688729,
            "mv": 1.3053114614258188,
            "n_eval": 3000,
            "time_steps": 1001
          },
          "final_params": {
            "theta_Px": 0.1815405868247426,
            "theta_Pxx": 0.005829811716140184,
            "theta_Pnl": 0.30636094612981324,
            "psi_a0": 0.5319683845345462,
            "psi_a1": -4.323417306021103,
            "psi_sv": 0.02832017213875203,
            "psi_ce1": -0.23001211155333018,
            "psi_ce2": -0.049162601507307745
          }
        },
        {
          "method": "local",
          "worker": "worker_4_asym_vol",
          "alpha": 1.0,
          "market": {
            "r1": 0.15,
            "r2": 0.23,
            "sigma1": 0.08,
            "sigma2": 0.16
          },
          "own_regime": {
            "b_hat": 1.5799920767634679,
            "cum_return": 0.5799920767634679,
            "std": 1.0103294760226305,
            "mv": 1.0696092517033864,
            "n_eval": 3000,
            "time_steps": 1001
          },
          "heldout_regime": {
            "b_hat": 1.9347093523583907,
            "cum_return": 0.9347093523583907,
            "std": 1.1692990536042094,
            "mv": 1.2510792139785407,
            "n_eval": 3000,
            "time_steps": 1001
          },
          "final_params": {
            "theta_Px": 0.21360914130099593,
            "theta_Pxx": -0.0054327464026359,
            "theta_Pnl": 0.19826115204987124,
            "psi_a0": 0.49396030841914107,
            "psi_a1": -4.28233120185516,
            "psi_sv": 0.037198763260886274,
            "psi_ce1": -0.2606816338894459,
            "psi_ce2": -0.05724538505534
          }
        }
      ]
    },
    {
      "method": "fedavg",
      "elapsed_sec": 372.8102750778198,
      "summary": {
        "avg_own_mv": 1.1576401424356497,
        "avg_heldout_mv": 1.2913299519424948,
        "avg_own_cum_return": 0.6423690776622718,
        "avg_heldout_cum_return": 0.9563461587656865
      },
      "rows": [
        {
          "method": "fedavg",
          "worker": "worker_1_bull_lowvol",
          "alpha": 0.9,
          "market": {
            "r1": 0.16,
            "r2": 0.24,
            "sigma1": 0.09,
            "sigma2": 0.11
          },
          "own_regime": {
            "b_hat": 1.6798057445253671,
            "cum_return": 0.6798057445253671,
            "std": 0.8186048858161464,
            "mv": 1.3782544629384375,
            "n_eval": 3000,
            "time_steps": 1001
          },
          "heldout_regime": {
            "b_hat": 2.078917891390493,
            "cum_return": 1.078917891390493,
            "std": 1.2591255953338958,
            "mv": 1.365489122219271,
            "n_eval": 3000,
            "time_steps": 1001
          },
          "final_params": {
            "theta_Px": 0.20434100488564544,
            "theta_Pxx": 0.003500795944108923,
            "theta_Pnl": 0.22535792967364843,
            "psi_a0": 0.5118562177774736,
            "psi_a1": -4.203173793435185,
            "psi_sv": 0.03680003471270572,
            "psi_ce1": -0.23364249340287838,
            "psi_ce2": -0.07204310412519263
          }
        },
        {
          "method": "fedavg",
          "worker": "worker_2_bull_highvol",
          "alpha": 1.1,
          "market": {
            "r1": 0.17,
            "r2": 0.26,
            "sigma1": 0.13,
            "sigma2": 0.15
          },
          "own_regime": {
            "b_hat": 1.6800020596892846,
            "cum_return": 0.6800020596892846,
            "std": 1.098956482275637,
            "mv": 1.015764117224681,
            "n_eval": 3000,
            "time_steps": 1001
          },
          "heldout_regime": {
            "b_hat": 1.9236033216191621,
            "cum_return": 0.9236033216191621,
            "std": 1.1085490316422941,
            "mv": 1.2477187960638747,
            "n_eval": 3000,
            "time_steps": 1001
          },
          "final_params": {
            "theta_Px": 0.20434100488564544,
            "theta_Pxx": 0.003500795944108923,
            "theta_Pnl": 0.22535792967364843,
            "psi_a0": 0.5118562177774736,
            "psi_a1": -4.203173793435185,
            "psi_sv": 0.03680003471270572,
            "psi_ce1": -0.23364249340287838,
            "psi_ce2": -0.07204310412519263
          }
        },
        {
          "method": "fedavg",
          "worker": "worker_3_bear_mixed",
          "alpha": 1.2,